{
  "analoginputs": {
    "inputs": [
      {
        "name": "Potentiometer",
        "type": "_analog_potentiometer",
        "sense": "degrees",
        "tag": "analoginputcontrol",
        "text": "pot_",
        "image": "_img_input_analog_pot.svg",
        "minvoltage": "0",
        "maxvoltage": "5",
        "sliderminvalue": "0",
        "slidermaxvalue": "270",
        "initialvoltage": "1.4"
      },
      {
        "name": "LM35",
        "type": "_analog_lm35",
        "sense": "degC",
        "tag": "analoginputcontrol",
        "text": "LM35_",
        "image": "_img_input_analog_LM35.jpg",
        "minvoltage": "0",
        "maxvoltage": "1.5",
        "sliderminvalue": "0",
        "slidermaxvalue": "150",
        "initialvoltage": "0.25"
      },
      {
        "name": "LDR",
        "type": "_analog_ldr",
        "tag": "analoginputcontrol",
        "sense": "light level",
        "text": "LDR_",
        "image": "_img_input_analog_ldr.png",
        "minvoltage": "0",
        "maxvoltage": "5",
        "sliderminvalue": "0",
        "slidermaxvalue": "5",
        "initialvoltage": "1"
      },
      {
        "name": "Thermistor",
        "type": "_analog_thermistor",
        "sense": "temperature degC",
        "tag": "analoginputcontrol",
        "text": "Thermistor_",
        "image": "_img_input_analog_thermistor.svg",
        "minvoltage": "0",
        "maxvoltage": "5",
        "sliderminvalue": "0",
        "slidermaxvalue": "5",
        "initialvoltage": "1"
      },
      {
        "name": "FSR",
        "type": "_analog_fsr",
        "sense": "force",
        "tag": "analoginputcontrol",
        "text": "FSR_",
        "image": "_img_input_analog_fsr.png",
        "minvoltage": "0",
        "maxvoltage": "5",
        "sliderminvalue": "0",
        "slidermaxvalue": "5",
        "initialvoltage": "1"
      }
    ]
  }
}