{
    "binaryinputs": {
        "inputs": [
            {
                "name": "Push Button Switch",
                "tag": "binaryinputcontrol",
                "type": "_binary_pushbuttonswitch",
                "text": "pbSw_",
                "image": "_img_input_binary_pushbuttonswitch.svg",
                "toggle": "no",
                "timeout": "3000",
                "repeat": "no",
                "releasedtext": "HIGH",
                "pressedtext": "LOW"
            },
            {
                "name": "Tact Switch",
                "tag": "binaryinputcontrol",
                "type": "_binary_tactswitch",
                "text": "tactSw_",
                "image": "_img_input_binary_tactswitch.svg",
                "toggle": "no",
                "timeout": "3000",
                "repeat": "no",
                "releasedtext": "HIGH",
                "pressedtext": "LOW"
            }
        ]
    }
}